id,company_number,name,method_of_combination,reported_as,functional_currency,hfm_entity_code,hfm_tax_entity,hfm_hv_code,created_at,updated_at,clean_name,tax_id,parent_id
1,1.03,Bunge Limited,Consolidate,H,100.0,USD,103,0103_Tax_B ungeLtd,2017-02-20 17:36:51.601071,2017-02-20 17:36:51.601071,bungelimited,,
2,1.06,Ceval Holdings Ltd.,Consolidate,H,100.0,USD,106,106,2017-02-20 17:36:51.927103,2017-02-20 17:36:51.927103,cevalholdingsltd,,
3,1.02,"Greenleaf, Ltd.",Consolidate,H,100.0,USD,102,102,2017-02-20 17:36:52.279139,2017-02-20 17:36:52.279139,greenleafltd,,
4,1.05,Bunge Finance Limited,Consolidate,F,100.0,USD,105,105,2017-02-20 17:36:52.613172,2017-02-20 17:36:52.613172,bungefinancelimited,,
5,1.09,Serrana Holdings Limited,Consolidate,H,100.0,USD,109,109,2017-02-20 17:36:52.936204,2017-02-20 17:36:52.936204,serranaholdingslimited,,
6,1.1,"Bunge Global Markets, Ltd.",Consolidate,O,100.0,USD,Various,0110_Tax,2017-02-20 17:36:53.271238,2017-02-20 17:36:53.271238,bungeglobalmarketsltd,,
7,1.13,Brunello Ltd.,Consolidate,H,100.0,USD,113,113,2017-02-20 17:36:53.598271,2017-02-20 17:36:53.598271,brunelloltd,,
8,1.14,"Bunge Alpha, Ltd.",Consolidate,O,100.0,USD,114,114,2017-02-20 17:36:53.935304,2017-02-20 17:36:53.935304,bungealphaltd,,
9,1.16,Bunge Central America Ltd.,Consolidate,O,70.0,USD,Various,0116_Tax,2017-02-20 17:36:54.263337,2017-02-20 17:36:54.263337,bungecentralamericaltd,,
10,1.17,International Produce Ltd.,Consolidate,O,100.0,USD,N/A,N/A,2017-02-20 17:36:54.606371,2017-02-20 17:36:54.606371,internationalproduceltd,,
11,1.18,Bunge Ventures Ltd,Consolidate,O,100.0,USD,1121801,1121801,2017-02-20 17:36:54.933404,2017-02-20 17:36:54.933404,bungeventuresltd,,
12,4.08,Bunge Trade Ltd.,Consolidate,F,100.0,USD,408,408,2017-02-20 17:36:55.258437,2017-02-20 17:36:55.258437,bungetradeltd,,
13,4.07,Bunge International Commerce Ltd.,Consolidate,O,100.0,BRL,Various,0407_Tax_L C / 2317_Tax_L C,2017-02-20 17:36:55.599471,2017-02-20 17:36:55.599471,bungeinternationalcommerceltd,,
14,4.1,CCC Carbon Fund II Limited Partnership,Consolidate,O,100.0,EUR,4081801,4081801,2017-02-20 17:36:55.919503,2017-02-20 17:36:55.919503,ccccarbonfundiilimitedpartnership,,
15,4.2,China Baldrick Investment Holding Limited,Consolidate,H,100.0,CNY,33021200,"3302_Tax /
3302_Tax_L C",2017-02-20 17:36:56.247535,2017-02-20 17:36:56.247535,chinabaldrickinvestmentholdinglimited,,
16,6.01,Bunge Investment Management Limited,Consolidate,O,100.0,USD,6011801,0600_Tax,2017-02-20 17:36:56.579569,2017-02-20 17:36:56.579569,bungeinvestmentmanagementlimited,,
17,6.02,CCC International Holdings Limited,Consolidate,O,100.0,USD,6041801,CCC_Tax,2017-02-20 17:36:56.932604,2017-02-20 17:36:56.932604,cccinternationalholdingslimited,,
18,6.03,Bunge Emissions Limited,Consolidate,O,98.88,EUR,6031801,6031801,2017-02-20 17:36:57.265637,2017-02-20 17:36:57.265637,bungeemissionslimited,,
19,6.04,Baldrick Holdings Limited,Consolidate,H,100.0,CNY,33021200,"3302_Tax /
3302_Tax_L C",2017-02-20 17:36:57.59767,2017-02-20 17:36:57.59767,baldrickholdingslimited,,
20,6.08,Allied Trend Limited,Consolidate,H,100.0,CNY,33021200,"3302_Tax /
3302_Tax_L C",2017-02-20 17:36:57.913702,2017-02-20 17:36:57.913702,alliedtrendlimited,,
21,6.09,Kirchner Global Limited,Consolidate,H,100.0,USD,32112300,3200_Tax,2017-02-20 17:36:58.240735,2017-02-20 17:36:58.240735,kirchnergloballimited,,
22,11.0,"Bunge North America, Inc.",Consolidate,O,100.0,USD,Various,1100_Tax (A),2017-02-20 17:36:58.569768,2017-02-20 17:36:58.569768,bungenorthamericainc,,
23,11.01,"Bunge Milling, Inc.",Consolidate,O,100.0,USD,Various,1100_Tax (D),2017-02-20 17:36:58.8978,2017-02-20 17:36:58.8978,bungemillinginc,,
24,11.03,"The Crete Mills, Inc.",Consolidate,O,100.0,USD,11003480,1100_Tax (E),2017-02-20 17:36:59.219833,2017-02-20 17:36:59.219833,thecretemillsinc,,
25,11.1,"Bunge Holdings North America, Inc.",Consolidate,O,100.0,USD,11003900,1100_Tax,2017-02-20 17:36:59.543865,2017-02-20 17:36:59.543865,bungeholdingsnorthamericainc,,
26,11.26,"Bunge North America Capital, Inc.",Consolidate,F,100.0,USD,11003900,1100_Tax,2017-02-20 17:36:59.877898,2017-02-20 17:36:59.877898,bungenorthamericacapitalinc,,
27,11.27,"Bunge Mextrade, L.L.C.",Consolidate,O,100.0,USD,Various,1100_Tax (G),2017-02-20 17:37:00.200931,2017-02-20 17:37:00.200931,bungemextradellc,,
28,11.46,"CSY Agri-Finance, Inc.",Consolidate,O,100.0,USD,11003900,1100_Tax,2017-02-20 17:37:00.538965,2017-02-20 17:37:00.538965,csyagrifinanceinc,,
29,11.47,"Universal Financial Services, L.P.",Equity,O,50.0,USD,11002101,1100_Tax,2017-02-20 17:37:01.180029,2017-02-20 17:37:01.180029,universalfinancialserviceslp,,
30,11.48,Batavia Leasing Company,Equity,O,40.0,USD,11002101,1100_Tax,2017-02-20 17:37:01.501061,2017-02-20 17:37:01.501061,batavialeasingcompany,,
31,11.52,"Bunge Oils, Inc.",Consolidate,O,100.0,USD,Various,1100_Tax (F),2017-02-20 17:37:01.841095,2017-02-20 17:37:01.841095,bungeoilsinc,,
32,11.53,"Bunge North America (East), L.L.C.",Consolidate,O,100.0,USD,Various,1100_Tax (B),2017-02-20 17:37:02.160127,2017-02-20 17:37:02.160127,bungenorthamericaeastllc,,
33,11.6,"Bunge North America (OPD West), Inc.",Consolidate,O,100.0,USD,Various,1100_Tax (C),2017-02-20 17:37:02.49816,2017-02-20 17:37:02.49816,bungenorthamericaopdwestinc,,
34,11.61,"EGT, LLC",Consolidate,O,63.75,USD,11002105,1100_Tax,2017-02-20 17:37:02.825193,2017-02-20 17:37:02.825193,egtllc,,
35,11.66,"Southwest Iowa Renewable Energy, LLC",Equity,O,25.0,USD,11001370,1100_Tax (A),2017-02-20 17:37:03.151226,2017-02-20 17:37:03.151226,southwestiowarenewableenergyllc,,
36,11.68,"BNA Marine, LLC",Consolidate,O,100.0,USD,11002101,1100_Tax,2017-02-20 17:37:03.49026,2017-02-20 17:37:03.49026,bnamarinellc,,
37,11.69,SCF Bunge Marine LLC,Equity,O,50.0,USD,11002101,1100_Tax,2017-02-20 17:37:03.810292,2017-02-20 17:37:03.810292,scfbungemarinellc,,
38,11.74,"Bunge-SCF Grain, LLC",Equity,O,50.0,USD,11002101,1100_Tax,2017-02-20 17:37:04.135324,2017-02-20 17:37:04.135324,bungescfgrainllc,,
39,11.75,"HC Railroad, LLC",Consolidate,O,100.0,USD,11002101,1100_Tax,2017-02-20 17:37:04.457356,2017-02-20 17:37:04.457356,hcrailroadllc,,
40,11.76,"Morristown Grain Company, Incorporated",Consolidate,O,100.0,USD,11002201,1100_Tax,2017-02-20 17:37:04.779389,2017-02-20 17:37:04.779389,morristowngraincompanyincorporated,,
41,11.79,Bunge North America Foundation,N/A,O,100.0,USD,N/A,N/A,2017-02-20 17:37:05.109422,2017-02-20 17:37:05.109422,bungenorthamericafoundation,,
42,11.8,"Bunge North America, Inc. Political Action Committee",N/A,O,100.0,USD,N/A,N/A,2017-02-20 17:37:05.430454,2017-02-20 17:37:05.430454,bungenorthamericaincpoliticalactioncommittee,,
43,11.82,"Bunge Milling, LLC",Consolidate,O,100.0,USD,11003480,1100_Tax (E),2017-02-20 17:37:05.754486,2017-02-20 17:37:05.754486,bungemillingllc,,
44,11.83,"Whole Harvest Foods, LLC",Consolidate,O,100.0,USD,11002410,1100_Tax,2017-02-20 17:37:06.08952,2017-02-20 17:37:06.08952,wholeharvestfoodsllc,,
45,11.09,"Bunge Chicago, Inc.",Consolidate,O,100.0,USD,11092310,1109_Tax,2017-02-20 17:37:06.415552,2017-02-20 17:37:06.415552,bungechicagoinc,,
46,11.18,"Bunge Global Markets, Inc.",Consolidate,O,100.0,USD,11182300,1118_Tax,2017-02-20 17:37:06.740585,2017-02-20 17:37:06.740585,bungeglobalmarketsinc,,
47,11.67,"Bunge Latin America, LLC",Consolidate,O,100.0,USD,Various,1167_Tax,2017-02-20 17:37:07.070618,2017-02-20 17:37:07.070618,bungelatinamericallc,,
48,1.07,Bunge Management Services Inc.,Consolidate,H,100.0,USD,107,107,2017-02-20 17:37:07.405651,2017-02-20 17:37:07.405651,bungemanagementservicesinc,,
49,11.16,"Bunge N.A. Holdings, Inc.",Consolidate,H,100.0,USD,1116,1116,2017-02-20 17:37:07.730684,2017-02-20 17:37:07.730684,bungenaholdingsinc,,
50,11.17,"Bunge Finance North America, Inc.",Consolidate,F,100.0,USD,1117,1117,2017-02-20 17:37:08.054716,2017-02-20 17:37:08.054716,bungefinancenorthamericainc,,
51,11.19,"Bunge Funding, Inc.",Consolidate,F,100.0,USD,1119,1119,2017-02-20 17:37:08.39875,2017-02-20 17:37:08.39875,bungefundinginc,,
52,11.2,Bunge Asset Funding Corp.,Consolidate,F,100.0,USD,1120,1120,2017-02-20 17:37:08.733784,2017-02-20 17:37:08.733784,bungeassetfundingcorp,,
53,11.22,Bunge Limited Finance Corp.,Consolidate,F,100.0,USD,1122,1122,2017-02-20 17:37:09.079819,2017-02-20 17:37:09.079819,bungelimitedfinancecorp,,
54,11.42,"CSY Holdings, Inc.",Consolidate,H,100.0,USD,1124,1124,2017-02-20 17:37:09.410852,2017-02-20 17:37:09.410852,csyholdingsinc,,
55,11.56,"Bunge Canada Investments, Inc.",Consolidate,H,100.0,USD,1156,1156,2017-02-20 17:37:09.744885,2017-02-20 17:37:09.744885,bungecanadainvestmentsinc,,
56,11.71,Bunge Amorphic Solutions LLC,Consolidate,O,100.0,USD,1166,1166,2017-02-20 17:37:10.076918,2017-02-20 17:37:10.076918,bungeamorphicsolutionsllc,,
57,11.7,Bunge N.A. Finance L.P.,Consolidate,F,99.8,USD,1170,1170,2017-02-20 17:37:10.756986,2017-02-20 17:37:10.756986,bungenafinancelp,,
58,11.73,"TerraVia Holdings, Inc. (Delaware)",Cost,O,0.6,USD,N/A,N/A,2017-02-20 17:37:11.105021,2017-02-20 17:37:11.105021,terraviaholdingsincdelaware,,
59,11.77,"Bunge Global Innovation, LLC",Consolidate,O,100.0,USD,1177,1177,2017-02-20 17:37:11.434054,2017-02-20 17:37:11.434054,bungeglobalinnovationllc,,
60,13.13,"Bunge Mexico Holdings, Inc.",Consolidate,H,100.0,USD,1133,1133,2017-02-20 17:37:11.757086,2017-02-20 17:37:11.757086,bungemexicoholdingsinc,,
61,12.01,Bunge of Canada Ltd.,Consolidate,O,100.0,CAD,Various,1201_Tax_L C,2017-02-20 17:37:12.089119,2017-02-20 17:37:12.089119,bungeofcanadaltd,,
62,12.02,Bunge Canada Holdings II ULC,Consolidate,H,100.0,USD,1202,1202,2017-02-20 17:37:12.420153,2017-02-20 17:37:12.420153,bungecanadaholdingsiiulc,,
63,12.03,CF Oils Investments Inc.,Consolidate,O,100.0,CAD,12003901,"1204_Tax /
1204_Tax_L C",2017-02-20 17:37:12.752186,2017-02-20 17:37:12.752186,cfoilsinvestmentsinc,,
64,12.04,Bunge Canada,Consolidate,O,99.0,CAD,Various,"1204_Tax /
1204_Tax_L C",2017-02-20 17:37:13.072218,2017-02-20 17:37:13.072218,bungecanada,98-0445162,
65,12.07,Bunge Grain of Canada Inc.,Consolidate,O,100.0,CAD,12002101,1207_Tax_L C,2017-02-20 17:37:13.414252,2017-02-20 17:37:13.414252,bungegrainofcanadainc,,
66,12.09,Bunge Canada Holdings I ULC,Consolidate,H,100.0,CAD,1209,1209,2017-02-20 17:37:13.729283,2017-02-20 17:37:13.729283,bungecanadaholdingsiulc,,
67,12.1,Bunge Alberta I ULC,Consolidate,H,100.0,CAD,1210,1210,2017-02-20 17:37:14.045315,2017-02-20 17:37:14.045315,bungealbertaiulc,,
68,12.14,G3 Global Holdings GP Inc.,Equity,O,25.0,CAD,12002101,1207_Tax_L C,2017-02-20 17:37:14.378348,2017-02-20 17:37:14.378348,g3globalholdingsgpinc,,
69,12.15,G3 Terminal Vancouver GP Inc.,Equity,O,85.0,CAD,12002101,1207_Tax_L C,2017-02-20 17:37:14.716382,2017-02-20 17:37:14.716382,g3terminalvancouvergpinc,,
70,12.16,G3 Global Holdings Limited Partnership,Equity,O,24.9965,CAD,12002101,1207_Tax_L C,2017-02-20 17:37:15.045415,2017-02-20 17:37:15.045415,g3globalholdingslimitedpartnership,,
71,12.17,G3 Terminal Vancouver Limited Partnership,Equity,O,84.9915,CAD,12002101,1207_Tax_L C,2017-02-20 17:37:15.370448,2017-02-20 17:37:15.370448,g3terminalvancouverlimitedpartnership,,
72,12.18,G3 Global Grain Group Limited,Equity,O,100.0,CAD,12002101,1207_Tax_L C,2017-02-20 17:37:15.707481,2017-02-20 17:37:15.707481,g3globalgraingrouplimited,,
73,12.19,G3 Canada Limited,Equity,O,62.0,CAD,12002101,1207_Tax_L C,2017-02-20 17:37:16.036514,2017-02-20 17:37:16.036514,g3canadalimited,,
74,13.0,"Controladora Bunge, S.A. de C.V.",Consolidate,O,100.0,MXN,13003900,1300_Tax_L C,2017-02-20 17:37:16.39355,2017-02-20 17:37:16.39355,controladorabungesadecv,,
75,13.08,"Inmobiliaria A. Gil, S.A.",Consolidate,O,25.0,MXN,13003102,1300_Tax_L C,2017-02-20 17:37:16.720583,2017-02-20 17:37:16.720583,inmobiliariaagilsa,,
76,13.09,"Inmobiliaria Gilsa, S.A.",Consolidate,O,25.0,MXN,13003102,1300_Tax_L C,2017-02-20 17:37:17.044615,2017-02-20 17:37:17.044615,inmobiliariagilsasa,,
77,13.1,"Servicios Bunge, S.A. de C.V.",Consolidate,O,100.0,MXN,13003900,1300_Tax_L C,2017-02-20 17:37:17.376648,2017-02-20 17:37:17.376648,serviciosbungesadecv,,
78,13.11,"Molinos Bunge, S.A. de C.V.",Consolidate,O,100.0,MXN,13003601,13003601,2017-02-20 17:37:17.701681,2017-02-20 17:37:17.701681,molinosbungesadecv,,
79,13.12,"Bunge Comercial, S.A. de C.V.",Consolidate,O,33.3333332,MXN,Various,1312_Tax,2017-02-20 17:37:18.026713,2017-02-20 17:37:18.026713,bungecomercialsadecv,,
80,13.14,"Almacenes de Cereales, S.A. de C.V.",Cost,O,10.236,MXN,N/A,N/A,2017-02-20 17:37:18.352746,2017-02-20 17:37:18.352746,almacenesdecerealessadecv,,
81,13.15,"Molinos Bunge de Mexico, S.A. de C.V.",Consolidate,O,99.9999,MXN,13153102,13153102,2017-02-20 17:37:18.69278,2017-02-20 17:37:18.69278,molinosbungedemexicosadecv,,
82,13.16,"Servicios Molinos Bunge de Mexico, S.A. de C.V.",Consolidate,O,99.9999,MXN,13153102,13153102,2017-02-20 17:37:19.027813,2017-02-20 17:37:19.027813,serviciosmolinosbungedemexicosadecv,,
83,13.17,"Industria Molinera Montserrat, S.A. de C.V.",Consolidate,O,99.9999,MXN,13153102,13153102,2017-02-20 17:37:19.361847,2017-02-20 17:37:19.361847,industriamolineramontserratsadecv,,
84,13.18,"Harinera del Mayab, S.A. de C.V.",Consolidate,O,99.0,MXN,In Analysis,In Analysis,2017-02-20 17:37:19.700881,2017-02-20 17:37:19.700881,harineradelmayabsadecv,,
85,21.02,Terminal Bahia Blanca S.A.,Consolidate,O,75.21,ARP,2102,2102,2017-02-20 17:37:20.029913,2017-02-20 17:37:20.029913,terminalbahiablancasa,,
86,21.2,Fertimport S.A.,Consolidate,O,95.0,ARP,2110,2110,2017-02-20 17:37:20.354946,2017-02-20 17:37:20.354946,fertimportsa,,
87,21.21,Bunge Argentina S.A.,Consolidate,O,99.9496,ARP,Various,"2121_Tax /
2121_Tax_L C",2017-02-20 17:37:20.688979,2017-02-20 17:37:20.688979,bungeargentinasa,,
88,21.22,Terminal 6 S.A.,Equity,O,29.12,ARP,21202200,"2121_Tax /
2121_Tax_L C",2017-02-20 17:37:21.015012,2017-02-20 17:37:21.015012,terminal6sa,,
89,21.23,T6 Industrial S.A.,Equity,O,50.0,ARP,"21202200 /
21201701","2121_Tax /
2121_Tax_L C",2017-02-20 17:37:21.348045,2017-02-20 17:37:21.348045,t6industrialsa,,
90,21.24,Guide S.A.,Equity,O,50.0,ARP,21202200,"2121_Tax /
2121_Tax_L C",2017-02-20 17:37:21.685079,2017-02-20 17:37:21.685079,guidesa,,
91,21.25,Terminal Quequen S.A.,Cost,O,23.52,ARP,21202200,"2121_Tax /
2121_Tax_L C",2017-02-20 17:37:22.016112,2017-02-20 17:37:22.016112,terminalquequensa,,
92,21.26,Bunge Inversiones S.A.,Consolidate,O,97.088,ARP,Various,"2121_Tax /
2121_Tax_L C",2017-02-20 17:37:22.336144,2017-02-20 17:37:22.336144,bungeinversionessa,,
93,21.27,Bunge Minera S.A.,Consolidate,O,17.0,ARP,21278130,"2127_Tax /
2127_Tax_L C",2017-02-20 17:37:22.661177,2017-02-20 17:37:22.661177,bungeminerasa,,
94,21.28,ProMaíz S.A.,Equity,O,50.0,ARP,21201600,"2121_Tax /
2121_Tax_L C",2017-02-20 17:37:22.99221,2017-02-20 17:37:22.99221,promazsa,,
95,21.29,Terminal de Fertilizantes Argentinos SA,Consolidate,O,75.0,ARP,Various,2129_Tax_L C,2017-02-20 17:37:23.314242,2017-02-20 17:37:23.314242,terminaldefertilizantesargentinossa,,
96,22.52,Bunge Fertilizantes S.A.,Consolidate,O,99.97,BRL,Various,"2252_Tax /
2252_Tax_L C_BRL",2017-02-20 17:37:23.645275,2017-02-20 17:37:23.645275,bungefertilizantessa,,
97,22.3,Bunge Açucar & Bioenergia Ltda.,Consolidate,H,99.99,BRL,22001605,22001605,2017-02-20 17:37:23.986309,2017-02-20 17:37:23.986309,bungeaucarbioenergialtda,,
98,22.31,Agroindustrial Santa Juliana Ltda.,Consolidate,O,100.0,BRL,Various,2231_Tax_L C,2017-02-20 17:37:24.313342,2017-02-20 17:37:24.313342,agroindustrialsantajulianaltda,,
99,22.34,Ramata Empreendimentos e Participações S.A.,Consolidate,O,100.0,BRL,22001603,22001603,2017-02-20 17:37:24.642375,2017-02-20 17:37:24.642375,ramataempreendimentoseparticipaessa,,
100,22.35,Pedro Afonso Açúcar & Bioenergia Ltda.,Consolidate,O,100.0,BRL,Various,2235_Tax_L C,2017-02-20 17:37:24.983409,2017-02-20 17:37:24.983409,pedroafonsoacarbioenergialtda,,
101,22.37,Monteverde Agro-energetica S.A.,Consolidate,O,100.0,BRL,Various,2237_Tax_L C,2017-02-20 17:37:25.315442,2017-02-20 17:37:25.315442,monteverdeagroenergeticasa,,
102,22.38,Monte Dourado Agropecuária S.A.,Consolidate,O,100.0,BRL,22001606,2237_Tax_L C,2017-02-20 17:37:25.642475,2017-02-20 17:37:25.642475,montedouradoagropecuriasa,,
103,22.41,Usina Moema Açúcar e Álcool Ltda.,Consolidate,O,100.0,BRL,22401600,2240_Tax_L C,2017-02-20 17:37:25.968507,2017-02-20 17:37:25.968507,usinamoemaacarelcoolltda,,
104,22.42,Usina Frutal Açúcar e Álcool Ltda.,Consolidate,O,100.0,BRL,22421600,2242_Tax_L C,2017-02-20 17:37:26.29254,2017-02-20 17:37:26.29254,usinafrutalacarelcoolltda,,
105,22.43,Bunge Comercializadora de Energia Ltda.,Consolidate,O,100.0,BRL,22401600,2240_Tax_L C,2017-02-20 17:37:26.741585,2017-02-20 17:37:26.741585,bungecomercializadoradeenergialtda,,
106,22.44,Usina Guariroba Ltda.,Consolidate,O,100.0,BRL,22441600,2244_Tax_L C,2017-02-20 17:37:27.103621,2017-02-20 17:37:27.103621,usinaguarirobaltda,,
107,22.45,Usina Ouroeste Açúcar e Álcool Ltda.,Consolidate,O,100.0,BRL,22461600,2246_Tax_L C,2017-02-20 17:37:27.465657,2017-02-20 17:37:27.465657,usinaouroesteacarelcoolltda,,
108,22.46,Bunge Comercializadora De Etanol Ltda.,Consolidate,O,31.4,BRL,Various,"2260_Tax /
2260_Tax_L C",2017-02-20 17:37:27.79569,2017-02-20 17:37:27.79569,bungecomercializadoradeetanolltda,,
109,22.49,Usina Itapagipe Açúcar e Álcool Ltda.,Consolidate,O,100.0,BRL,22481600,2248_Tax_L C,2017-02-20 17:37:28.122723,2017-02-20 17:37:28.122723,usinaitapagipeacarelcoolltda,,
110,22.56,CTC S/A,Cost,O,2.97,BRL,N/A,N/A,2017-02-20 17:37:28.476758,2017-02-20 17:37:28.476758,ctcsa,,
111,22.6,Bunge Alimentos S.A,Consolidate,O,99.9715,BRL,Various,"2260_Tax /
2260_Tax_L C",2017-02-20 17:37:28.804791,2017-02-20 17:37:28.804791,bungealimentossa,,
112,22.64,Terminal de Granéis do Guarujá S.A.,Equity,O,57.0,BRL,22001401,"2260_Tax /
2260_Tax_L C",2017-02-20 17:37:29.122823,2017-02-20 17:37:29.122823,terminaldegranisdoguarujsa,,
113,22.67,Ceval Centro Oeste S.A.,Consolidate,O,74.4,BRL,22003101,N/A,2017-02-20 17:37:29.49586,2017-02-20 17:37:29.49586,cevalcentrooestesa,,
114,22.61,Navegações Unidas Tapajós S/A,Equity,O,50.0,BRL,22002100,"2260_Tax /
2260_Tax_L C",2017-02-20 17:37:29.816892,2017-02-20 17:37:29.816892,navegaesunidastapajssa,,
115,22.94,Siga Facil S/A,Equity,O,50.0,BRL,22002212,"2260_Tax /
2260_Tax_L C",2017-02-20 17:37:30.146925,2017-02-20 17:37:30.146925,sigafacilsa,,
116,22.95,Terminal Portuario Cotegipe S/A (TPC),Cost,O,1.0,BRL,N/A,N/A,2017-02-20 17:37:30.475958,2017-02-20 17:37:30.475958,terminalportuariocotegipesatpc,,
117,22.2,Moinho Pacífico LTDA.,Consolidate,O,100.0,BRL,22003103,22003103,2017-02-20 17:37:30.79699,2017-02-20 17:37:30.79699,moinhopacficoltda,,
118,22.21,Terminal Fronteira Norte - Logística S.A.,Consolidate,O,100.0,BRL,In Analysis,In Analysis,2017-02-20 17:37:31.121022,2017-02-20 17:37:31.121022,terminalfronteiranortelogsticasa,,
119,22.22,Terminal de Trigo do Rio de Janeiro - Logística S.A.,Consolidate,O,100.0,BRL,In Analysis,In Analysis,2017-02-20 17:37:31.449055,2017-02-20 17:37:31.449055,terminaldetrigodoriodejaneirologsticasa,,
120,22.1,Fertimport S.A.,Consolidate,O,99.99,BRL,2210,2210,2017-02-20 17:37:31.781088,2017-02-20 17:37:31.781088,fertimportsa,,
121,22.87,Terminal Maritimo do Guaruja S.A. (TERMAG),Consolidate,O,60.0,BRL,2210_T,"2252_Tax /
2252_Tax_L C_BRL",2017-02-20 17:37:32.120122,2017-02-20 17:37:32.120122,terminalmaritimodoguarujasatermag,,
122,22.99,Bunge Asset Management Agropecuária Ltda.,Consolidate,O,99.9996,BRL,22962303,22962303,2017-02-20 17:37:32.447155,2017-02-20 17:37:32.447155,bungeassetmanagementagropecurialtda,,
123,6.05,BAMA Agropecuária Ltda.,N/A,N/A,99.67,BRL,22962303,22962303,2017-02-20 17:37:32.782189,2017-02-20 17:37:32.782189,bamaagropecurialtda,,
124,23.11,Bunge Uruguay S.A.,Consolidate,O,100.0,ARP,Various,"2311_Tax /
2311_Tax_L C",2017-02-20 17:37:33.117222,2017-02-20 17:37:33.117222,bungeuruguaysa,,
125,23.12,Bunge Agritrade S.A.,Consolidate,O,100.0,USD,Various,"2312_ARG_
Tax",2017-02-20 17:37:33.450255,2017-02-20 17:37:33.450255,bungeagritradesa,,
126,23.14,Bunge Uruguay Agronegocios S.A.,Consolidate,O,100.0,USD,Various,2314_Tax,2017-02-20 17:37:33.780288,2017-02-20 17:37:33.780288,bungeuruguayagronegociossa,,
127,23.16,Bunge Montevideo S.A.,Consolidate,O,100.0,USD,Various,2316_Tax,2017-02-20 17:37:34.128323,2017-02-20 17:37:34.128323,bungemontevideosa,,
128,23.17,Frismy S.A.,In Analysis,In Analysis,100.0,In Analysis,In Analysis,In Analysis,2017-02-20 17:37:34.458356,2017-02-20 17:37:34.458356,frismysa,,
129,24.01,Bunge Peru S.A.C.,Consolidate,O,99.4,USD,24012300,2401_Tax,2017-02-20 17:37:34.781388,2017-02-20 17:37:34.781388,bungeperusac,,
130,25.02,Bunge Chile S.p.A.,Consolidate,O,100.0,USD,Various,2502_Tax,2017-02-20 17:37:35.118422,2017-02-20 17:37:35.118422,bungechilespa,,
131,26.01,Bunge Paraguay S.A.,Consolidate,O,96.67,USD,Various,2601_Tax,2017-02-20 17:37:35.447455,2017-02-20 17:37:35.447455,bungeparaguaysa,,
132,26.02,Complejo Agro Industrial  Angostura  S.A.,Equity,O,33.33,USD,26012200,2601_Tax,2017-02-20 17:37:35.775488,2017-02-20 17:37:35.775488,complejoagroindustrialangosturasa,,
133,26.03,Tio Kike S.A.,Equity,O,33.33,USD,26012200,2601_Tax,2017-02-20 17:37:36.104521,2017-02-20 17:37:36.104521,tiokikesa,,
134,27.01,"BCA Servicios, S.A.",Consolidate,O,99.9,USD,27012301,27012301,2017-02-20 17:37:36.451555,2017-02-20 17:37:36.451555,bcaserviciossa,,
135,27.03,"BLA Servicios, S.A.",Consolidate,O,100.0,USD,27022300,27022300,2017-02-20 17:37:36.788589,2017-02-20 17:37:36.788589,blaserviciossa,,
136,28.01,Bunge Colombia SAS.,Consolidate,O,63.95,COP,28011320,28011320,2017-02-20 17:37:37.129623,2017-02-20 17:37:37.129623,bungecolombiasas,,
137,29.01,Agroindustrias Bunge Bolívia S.A.,Consolidate,O,99.42,USD,Various,2901_Tax,2017-02-20 17:37:37.462657,2017-02-20 17:37:37.462657,agroindustriasbungebolviasa,,
138,31.01,Bunge Agribusiness Australia Pty. Ltd.,Consolidate,O,100.0,USD,Various,3201_Tax,2017-02-20 17:37:37.791689,2017-02-20 17:37:37.791689,bungeagribusinessaustraliaptyltd,,
139,31.02,Bunge Grain Services (Bunbury) Pty. Ltd.,Consolidate,O,100.0,AUD,32111312,3201_Tax,2017-02-20 17:37:38.124723,2017-02-20 17:37:38.124723,bungegrainservicesbunburyptyltd,,
140,31.03,Bunge Grains Services (Geelong) Pty. Ltd.,Consolidate,O,100.0,AUD,32111312,3201_Tax,2017-02-20 17:37:38.448755,2017-02-20 17:37:38.448755,bungegrainsservicesgeelongptyltd,,
141,32.11,Bunge Agribusiness Singapore Pte. Ltd.,Consolidate,O,100.0,USD,Various,3200_Tax,2017-02-20 17:37:38.787789,2017-02-20 17:37:38.787789,bungeagribusinesssingaporepteltd,,
142,32.12,PT. Bunge Agribusiness Indonesia,Consolidate,O,100.0,USD,Various,3200_Tax,2017-02-20 17:37:39.203831,2017-02-20 17:37:39.203831,ptbungeagribusinessindonesia,,
143,32.13,Bunge Agribusiness (M) Sdn. Bhd.,Consolidate,O,100.0,USD,Various,3200_Tax,2017-02-20 17:37:39.560866,2017-02-20 17:37:39.560866,bungeagribusinessmsdnbhd,,
144,32.15,Bunge (Thailand) Ltd.,Consolidate,O,100.0,USD,Various,3200_Tax,2017-02-20 17:37:39.8949,2017-02-20 17:37:39.8949,bungethailandltd,,
145,32.16,Grains and Industrial Products Trading Pte. Ltd.,Consolidate,O,100.0,USD,Various,3200_Tax,2017-02-20 17:37:40.218932,2017-02-20 17:37:40.218932,grainsandindustrialproductstradingpteltd,,
146,32.17,Bunge Agribusiness Philippines Inc.,Consolidate,O,100.0,USD,Various,3200_Tax,2017-02-20 17:37:40.547965,2017-02-20 17:37:40.547965,bungeagribusinessphilippinesinc,,
147,32.18,Bunge Indo-China Holdings Pte. Ltd.,Consolidate,O,89.99,USD,Various,3200_Tax,2017-02-20 17:37:40.868997,2017-02-20 17:37:40.868997,bungeindochinaholdingspteltd,,
148,32.19,Bunge Subic Bay Trading Company Inc.,Consolidate,O,100.0,USD,Various,3200_Tax,2017-02-20 17:37:41.206031,2017-02-20 17:37:41.206031,bungesubicbaytradingcompanyinc,,
149,32.2,PT Bumiraya Investindo,Equity,O,35.0,IDR,32111260,3200_Tax,2017-02-20 17:37:41.532063,2017-02-20 17:37:41.532063,ptbumirayainvestindo,,
150,32.21,Echo Commodities Pte. Ltd.,Consolidate,O,100.0,USD,32111804,32111804,2017-02-20 17:37:41.870097,2017-02-20 17:37:41.870097,echocommoditiespteltd,,
297,73.01,Bunge East Africa Ltd.,Consolidate,O,1.0,USD,73011300,73011300,2017-02-20 17:38:31.049015,2017-02-20 17:38:31.049015,bungeeastafricaltd,,
151,33.01,"Bunge (Shanghai) Management Co., Ltd.",Consolidate,O,100.0,CNY,Various,"3301_Tax (before 2015)
3301_Tax_L C (after 2015)",2017-02-20 17:37:42.19513,2017-02-20 17:37:42.19513,bungeshanghaimanagementcoltd,,
152,33.02,"Bunge Sanwei Oil & Fat Co., Ltd.",Consolidate,O,61.0,CNY,"33022300 /
33023100","3302_Tax /
3302_Tax_L C",2017-02-20 17:37:42.526163,2017-02-20 17:37:42.526163,bungesanweioilfatcoltd,,
153,33.03,"Bunge (Nanjing) Grains and Oils Co.,Ltd.",Consolidate,O,66.7,CNY,"33021200 /
33023000","3302_Tax /
3302_Tax_L C",2017-02-20 17:37:42.862196,2017-02-20 17:37:42.862196,bungenanjinggrainsandoilscoltd,,
154,33.04,Bunge Chia Tai (Tianjin) Grain and Oilseeds Ltd.,Consolidate,O,79.64,CNY,33042300,"3302_Tax /
3302_Tax_L C",2017-02-20 17:37:43.19723,2017-02-20 17:37:43.19723,bungechiataitianjingrainandoilseedsltd,,
155,33.06,"Zhongxin (Dalian) Investment Consulting Co., Ltd",Consolidate,O,100.0,CNY,"33021200 /
33023000","3302_Tax /
3302_Tax_L C",2017-02-20 17:37:43.524263,2017-02-20 17:37:43.524263,zhongxindalianinvestmentconsultingcoltd,,
156,33.07,"Xinhui (Shanghai) Investment Consulting Co.,Ltd",Consolidate,O,100.0,CNY,"33021200 /
33023000","3302_Tax /
3302_Tax_L C",2017-02-20 17:37:43.850295,2017-02-20 17:37:43.850295,xinhuishanghaiinvestmentconsultingcoltd,,
157,33.08.,Taixing Zhenhua Oils & Fats Co. Ltd.,Consolidate,O,100.0,CNY,"33021200 /
33023000","3302_Tax /
3302_Tax_L C",2017-02-20 17:37:44.180328,2017-02-20 17:37:44.180328,taixingzhenhuaoilsfatscoltd,,
158,33.09,Bunge (Nanjing) Agri-Livestock Ltd.,Consolidate,O,100.0,CNY,33021900,"3302_Tax /
3302_Tax_L C",2017-02-20 17:37:44.512361,2017-02-20 17:37:44.512361,bungenanjingagrilivestockltd,,
159,33.1,Caprock Capital Ltd.,Consolidate,O,100.0,CNY,"33021200 /
33023000","3302_Tax /
3302_Tax_L C",2017-02-20 17:37:44.837394,2017-02-20 17:37:44.837394,caprockcapitalltd,,
160,33.11,Greystone Ltd.,Consolidate,O,100.0,CNY,"33021200 /
33023000","3302_Tax /
3302_Tax_L C",2017-02-20 17:37:45.163427,2017-02-20 17:37:45.163427,greystoneltd,,
161,33.13,Bunge Jiurui (Dezhou) Agri-Livestock Ltd,Consolidate,O,80.0,CNY,33021902,"3302_Tax /
3302_Tax_L C",2017-02-20 17:37:45.49646,2017-02-20 17:37:45.49646,bungejiuruidezhouagrilivestockltd,,
162,33.14,Bunge Jiurui (Linyi) Agri-Livestock Ltd,Consolidate,O,80.0,CNY,33021903,"3302_Tax /
3302_Tax_L C",2017-02-20 17:37:45.828493,2017-02-20 17:37:45.828493,bungejiuruilinyiagrilivestockltd,,
163,33.15,Long Great (Hong Kong) Ltd,Consolidate,H,100.0,CNY,33021200,"3302_Tax /
3302_Tax_L C",2017-02-20 17:37:46.162526,2017-02-20 17:37:46.162526,longgreathongkongltd,,
164,33.16,"Dalian Junyue Consulting Co., Ltd.",Consolidate,H,100.0,CNY,33021200,"3302_Tax /
3302_Tax_L C",2017-02-20 17:37:46.492559,2017-02-20 17:37:46.492559,dalianjunyueconsultingcoltd,,
165,33.17,"Nantong Junchen Investment and Consulting Co., Ltd",Consolidate,H,100.0,CNY,33021200,"3302_Tax /
3302_Tax_L C",2017-02-20 17:37:46.819592,2017-02-20 17:37:46.819592,nantongjuncheninvestmentandconsultingcoltd,,
166,33.18,"Dongguan Shenji Investments Management Co., Ltd",Consolidate,H,100.0,CNY,33021200,"3302_Tax /
3302_Tax_L C",2017-02-20 17:37:47.145625,2017-02-20 17:37:47.145625,dongguanshenjiinvestmentsmanagementcoltd,,
167,33.19,"Dongguan Shenheng Grains and Oils Co., Ltd",Consolidate,O,100.0,CNY,33021200,"3302_Tax /
3302_Tax_L C",2017-02-20 17:37:47.481658,2017-02-20 17:37:47.481658,dongguanshenhenggrainsandoilscoltd,,
168,33.2,Pebblestone Capital Ltd,Consolidate,O,100.0,CNY,33021200,"3302_Tax /
3302_Tax_L C",2017-02-20 17:37:47.825693,2017-02-20 17:37:47.825693,pebblestonecapitalltd,,
169,33.21,Clydestone Capital Ltd.,Consolidate,O,100.0,CNY,33021200,"3302_Tax /
3302_Tax_L C",2017-02-20 17:37:48.153726,2017-02-20 17:37:48.153726,clydestonecapitalltd,,
170,33.22,"Bunge (Tianjin) Management Service Co., Ltd",Consolidate,O,100.0,CNY,33052300,"3302_Tax /
3302_Tax_L C",2017-02-20 17:37:48.486759,2017-02-20 17:37:48.486759,bungetianjinmanagementservicecoltd,,
171,33.23,"Yuanming (Tianjin) Investment CO., LTD",Consolidate,H,100.0,CNY,33043100,"3302_Tax /
3302_Tax_L C",2017-02-20 17:37:48.819792,2017-02-20 17:37:48.819792,yuanmingtianjininvestmentcoltd,,
172,33.24,"Qinyuan (Tianjin) Business Consulting CO., LTD",Consolidate,H,100.0,CNY,33043100,"3302_Tax /
3302_Tax_L C",2017-02-20 17:37:49.156826,2017-02-20 17:37:49.156826,qinyuantianjinbusinessconsultingcoltd,,
173,33.25,"Qintang (Tianjin) Enterprise Management Consulting Co., Ltd",Consolidate,H,100.0,CNY,33043100,"3302_Tax /
3302_Tax_L C",2017-02-20 17:37:49.482858,2017-02-20 17:37:49.482858,qintangtianjinenterprisemanagementconsultingcoltd,,
174,33.26,"Tianjin Shuowei Foods CO., LTD",Consolidate,O,100.0,CNY,33043100,"3302_Tax /
3302_Tax_L C",2017-02-20 17:37:49.825893,2017-02-20 17:37:49.825893,tianjinshuoweifoodscoltd,,
175,34.01,Bunge Mauritius Ltd,Consolidate,H,100.0,USD,3401,3401,2017-02-20 17:37:50.154926,2017-02-20 17:37:50.154926,bungemauritiusltd,,
176,34.03,Bunge Mauritius Holdings Limited,Consolidate,H,100.0,USD,3403,3403,2017-02-20 17:37:50.477958,2017-02-20 17:37:50.477958,bungemauritiusholdingslimited,,
177,34.04,Bunge Senwes International. Ltd.,Consolidate,H,50.0,USD,72011310,72011310,2017-02-20 17:37:50.820992,2017-02-20 17:37:50.820992,bungesenwesinternationalltd,,
178,35.02,Bunge India Private Limited,Consolidate,O,99.99,INR,Various,"3502_Tax /
3502_Tax_L C",2017-02-20 17:37:51.154026,2017-02-20 17:37:51.154026,bungeindiaprivatelimited,,
179,35.04,Bunge India Trading Private Limited,Consolidate,O,99.99,INR,35021802,,2017-02-20 17:37:51.485059,2017-02-20 17:37:51.485059,bungeindiatradingprivatelimited,,
180,36.01,Bunge Vietnam Ltd.,Consolidate,O,100.0,USD,Various,3601_Tax,2017-02-20 17:37:51.820092,2017-02-20 17:37:51.820092,bungevietnamltd,,
181,36.02,Baria Joint Stock Company of Services for Import Export of Agro-forestry Products and Fertilizers,Consolidate,O,60.0,USD,36001400,36001400,2017-02-20 17:37:52.144125,2017-02-20 17:37:52.144125,bariajointstockcompanyofservicesforimportexportofagroforestryproductsandfertilizers,,
182,36.03,Bunge Agribusiness Vietnam Co. Ltd.,Consolidate,O,100.0,USD,Various,3603_Tax,2017-02-20 17:37:52.463156,2017-02-20 17:37:52.463156,bungeagribusinessvietnamcoltd,,
183,37.01,Bunge Japan K.K.,Consolidate,O,100.0,JPY,Various,3200_Tax_L C,2017-02-20 17:37:52.79519,2017-02-20 17:37:52.79519,bungejapankk,,
184,41.34,Bunge Corporation Ltd.,Consolidate,H,100.0,GBP,4134,4134,2017-02-20 17:37:53.138224,2017-02-20 17:37:53.138224,bungecorporationltd,,
185,41.35,Bunge London Ltd.,Consolidate,O,100.0,USD,Various,4135_Tax,2017-02-20 17:37:53.477258,2017-02-20 17:37:53.477258,bungelondonltd,,
186,41.38,Bunge UK Limited,Consolidate,O,100.0,GBP,41382300,41382300,2017-02-20 17:37:53.809291,2017-02-20 17:37:53.809291,bungeuklimited,,
187,41.39,Credit and Trading Company Limited,Consolidate,O,100.0,USD,41001801,41001801,2017-02-20 17:37:54.136324,2017-02-20 17:37:54.136324,creditandtradingcompanylimited,,
188,41.4,Climate Change Capital Group Limited,Consolidate,O,100.0,GBP,41021801,CCC_Tax,2017-02-20 17:37:54.465357,2017-02-20 17:37:54.465357,climatechangecapitalgrouplimited,,
189,41.41,Climate Change Holdings Limited,Consolidate,O,100.0,GBP,41021801,CCC_Tax,2017-02-20 17:37:54.80239,2017-02-20 17:37:54.80239,climatechangeholdingslimited,,
190,41.42,Climate Change Capital Limited,Consolidate,O,100.0,GBP,41021801,CCC_Tax,2017-02-20 17:37:55.136424,2017-02-20 17:37:55.136424,climatechangecapitallimited,,
191,41.43,Gulf Sugar Procurement Ltd,Consolidate,O,49.9,USD,41351364,4135_Tax,2017-02-20 17:37:55.484459,2017-02-20 17:37:55.484459,gulfsugarprocurementltd,,
192,41.45,Climate Change Capital International Limited,Consolidate,O,100.0,GBP,41021801,CCC_Tax,2017-02-20 17:37:55.805491,2017-02-20 17:37:55.805491,climatechangecapitalinternationallimited,,
193,41.46,Climate Change Advisory Limited,Consolidate,O,100.0,GBP,41021801,CCC_Tax,2017-02-20 17:37:56.132523,2017-02-20 17:37:56.132523,climatechangeadvisorylimited,,
459,,2209,,,,,,,2017-02-20 17:39:14.982408,2017-02-20 17:39:14.982408,2209,,
460,,2219,,,,,,,2017-02-20 17:39:15.30244,2017-02-20 17:39:15.30244,2219,,
194,41.47,Climate Change Finance Limited,Consolidate,O,100.0,GBP,41021801,CCC_Tax,2017-02-20 17:37:56.456556,2017-02-20 17:37:56.456556,climatechangefinancelimited,,
195,41.48,CCC Seed Capital (General Partner) Limited,Consolidate,O,100.0,GBP,41021801,CCC_Tax,2017-02-20 17:37:56.792589,2017-02-20 17:37:56.792589,cccseedcapitalgeneralpartnerlimited,,
196,41.51,CCC Carbon Services,Consolidate,O,100.0,EUR,41021801,CCC_Tax,2017-02-20 17:37:57.141624,2017-02-20 17:37:57.141624,ccccarbonservices,,
197,41.52,CCC Carbon General Partner II Limited,Consolidate,O,100.0,EUR,41021801,CCC_Tax,2017-02-20 17:37:57.471657,2017-02-20 17:37:57.471657,ccccarbongeneralpartneriilimited,,
198,41.55,Climate Change Capital Private Equity Limited,Consolidate,O,100.0,GBP,41021801,CCC_Tax,2017-02-20 17:37:57.80069,2017-02-20 17:37:57.80069,climatechangecapitalprivateequitylimited,,
199,41.56,Climate Change Capital Private Equity Co-Investment (GP) Limited,Consolidate,O,100.0,GBP,41021801,CCC_Tax,2017-02-20 17:37:58.132723,2017-02-20 17:37:58.132723,climatechangecapitalprivateequitycoinvestmentgplimited,,
200,41.57,Climate Change Capital Scotland Private Equity (GP) Limited,Consolidate,O,100.0,GBP,41021801,CCC_Tax,2017-02-20 17:37:58.481758,2017-02-20 17:37:58.481758,climatechangecapitalscotlandprivateequitygplimited,,
201,41.58,Climate Change Property Limited,Consolidate,O,100.0,GBP,41021801,CCC_Tax,2017-02-20 17:37:58.822792,2017-02-20 17:37:58.822792,climatechangepropertylimited,,
202,41.59,CCP Carried Interest (GP) Limited,Consolidate,O,100.0,GBP,41021801,CCC_Tax,2017-02-20 17:37:59.163826,2017-02-20 17:37:59.163826,ccpcarriedinterestgplimited,,
203,41.6,CCP Carried Interest LP,Consolidate,O,50.0,GBP,41021801,CCC_Tax,2017-02-20 17:37:59.50286,2017-02-20 17:37:59.50286,ccpcarriedinterestlp,,
204,41.61,CCP Co-Invest (GP) Limited,Consolidate,O,100.0,GBP,41021801,CCC_Tax,2017-02-20 17:37:59.826893,2017-02-20 17:37:59.826893,ccpcoinvestgplimited,,
205,41.62,Climate Change Property (GP) Limited,Consolidate,O,100.0,GBP,41021801,CCC_Tax,2017-02-20 17:38:00.156926,2017-02-20 17:38:00.156926,climatechangepropertygplimited,,
206,41.66,Climate Change Capital Carbon Managed Account Ltd,Consolidate,O,100.0,EUR,4101801,4101801,2017-02-20 17:38:00.482958,2017-02-20 17:38:00.482958,climatechangecapitalcarbonmanagedaccountltd,,
207,42.0,Bunge Iberica S.A.U.,Consolidate,O,100.0,EUR,Various,"4200_Tax /
4200_Tax_L C",2017-02-20 17:38:00.821992,2017-02-20 17:38:00.821992,bungeibericasau,,
208,42.04,Ergransa S.A.,Cost,O,7.55,EUR,N/A,N/A,2017-02-20 17:38:01.147025,2017-02-20 17:38:01.147025,ergransasa,,
209,42.05,Bunge Investment Iberica S.L.U.,Consolidate,H,100.0,EUR,4205,4205,2017-02-20 17:38:01.485059,2017-02-20 17:38:01.485059,bungeinvestmentibericaslu,,
210,42.08,Moyresa Girasol S.L.U.,Consolidate,O,100.0,EUR,42082300,42082300,2017-02-20 17:38:01.810091,2017-02-20 17:38:01.810091,moyresagirasolslu,,
211,42.09,Biodiesel Bilbao S.L.,Consolidate,O,100.0,EUR,42071725,42071725,2017-02-20 17:38:02.142124,2017-02-20 17:38:02.142124,biodieselbilbaosl,,
212,42.11,Huelva Belts S.L.,Equity,O,50.0,EUR,42072300,"4200_Tax /
4200_Tax_L C",2017-02-20 17:38:02.467157,2017-02-20 17:38:02.467157,huelvabeltssl,,
213,42.12,Bunge Iberica Finance S.L.U.,Consolidate,F,100.0,EUR,4210,4210,2017-02-20 17:38:02.792189,2017-02-20 17:38:02.792189,bungeibericafinanceslu,,
214,43.01,Bunge France S.A.S.,Consolidate,O,100.0,EUR,43012300,"4301_
Tax_LC",2017-02-20 17:38:03.128223,2017-02-20 17:38:03.128223,bungefrancesas,,
215,43.02,Bunge Holdings France S.A.S.,Consolidate,H,100.0,EUR,4304_eur,4304_eur,2017-02-20 17:38:03.449255,2017-02-20 17:38:03.449255,bungeholdingsfrancesas,,
216,43.1,SSI Logistics,Consolidate,H,100.0,USD,43101410,43101410,2017-02-20 17:38:03.774287,2017-02-20 17:38:03.774287,ssilogistics,,
217,45.01,Koninklijke Bunge B.V.,Consolidate,H,100.0,EUR,4501,"4501_Tax /
4501_Tax_L C",2017-02-20 17:38:04.10332,2017-02-20 17:38:04.10332,koninklijkebungebv,,
218,45.09,Bunge Cooperatief U.A.,Consolidate,H,100.0,USD,4509,4509,2017-02-20 17:38:04.422352,2017-02-20 17:38:04.422352,bungecooperatiefua,,
219,45.1,Bunge Brasil Holdings B.V.,Consolidate,H,100.0,USD,4510,4510,2017-02-20 17:38:04.760386,2017-02-20 17:38:04.760386,bungebrasilholdingsbv,,
220,45.19,Bunge Prio Cooperatief U.A.,Consolidate,H,55.0,EUR,4507,4507,2017-02-20 17:38:05.119422,2017-02-20 17:38:05.119422,bungepriocooperatiefua,,
221,45.2,Solazyme Bunge Renewable Oils Cooperatief UA,Equity,O,49.9,USD,4509,4509,2017-02-20 17:38:05.444454,2017-02-20 17:38:05.444454,solazymebungerenewableoilscooperatiefua,,
222,11.23,Bunge Finance Europe B.V.,Consolidate,F,100.0,USD,1123,1123,2017-02-20 17:38:05.772487,2017-02-20 17:38:05.772487,bungefinanceeuropebv,,
223,46.01,Bunge S.A.,Consolidate,H,100.0,USD,Various,"4601_BEME
A_Tax",2017-02-20 17:38:06.10452,2017-02-20 17:38:06.10452,bungesa,,
224,46.04,Oleina S.A.,Consolidate,O,100.0,USD,Various,4604_Tax,2017-02-20 17:38:06.441554,2017-02-20 17:38:06.441554,oleinasa,,
225,46.08,Ecoinvest Carbon S.A.,Consolidate,O,100.0,USD,46082300,4608_Tax,2017-02-20 17:38:06.781588,2017-02-20 17:38:06.781588,ecoinvestcarbonsa,,
226,46.1,Bunge Emissions Holdings S.A.R.L.,Consolidate,O,100.0,EUR,46101801,46101801,2017-02-20 17:38:07.133623,2017-02-20 17:38:07.133623,bungeemissionsholdingssarl,,
227,47.01,Bunge Handelsgesellschaft m.b.H.,Consolidate,O,100.0,EUR,Various,"4701_Tax /
4701_Tax_L C",2017-02-20 17:38:07.465657,2017-02-20 17:38:07.465657,bungehandelsgesellschaftmbh,,
228,47.04,Bunge Deutschland G.m.b.H.,Consolidate,O,100.0,EUR,Various,"4701_Tax /
4701_Tax_L C",2017-02-20 17:38:07.79869,2017-02-20 17:38:07.79869,bungedeutschlandgmbh,,
229,47.05,Teutoburger Margarinewerke GmbH,Consolidate,H,100.0,EUR,Various,"4706_Tax /
4706_Tax_L C",2017-02-20 17:38:08.119722,2017-02-20 17:38:08.119722,teutoburgermargarinewerkegmbh,,
230,47.06,Walter Rau Lebensmittelwerke G.m.b.H,Consolidate,O,100.0,EUR,Various,"4706_Tax /
4706_Tax_L C",2017-02-20 17:38:08.470757,2017-02-20 17:38:08.470757,walterraulebensmittelwerkegmbh,,
231,47.08,Butella-Werk G.m.b.H.,Consolidate,O,100.0,EUR,Various,"4706_Tax /
4706_Tax_L C",2017-02-20 17:38:08.792789,2017-02-20 17:38:08.792789,butellawerkgmbh,,
232,47.1,NEW GmbH Natur Energy West,Equity,O,25.0,EUR,4501,"4501_Tax /
4501_Tax_L C",2017-02-20 17:38:09.113821,2017-02-20 17:38:09.113821,newgmbhnaturenergywest,,
233,47.11,MBF G.m.b.H.,Consolidate,O,100.0,EUR,47112601,47112601,2017-02-20 17:38:09.441854,2017-02-20 17:38:09.441854,mbfgmbh,,
234,48.02,Bunge Italia S.p.A.,Consolidate,O,100.0,EUR,Various,"4802_Tax /
4802_Tax_L C_Tax_LC",2017-02-20 17:38:09.773887,2017-02-20 17:38:09.773887,bungeitaliaspa,,
235,48.03,Novaol S.r.l.,Consolidate,O,100.0,EUR,48031725,48031725,2017-02-20 17:38:10.117922,2017-02-20 17:38:10.117922,novaolsrl,,
236,48.04,BIO9 S.p.A.,Consolidate,O,100.0,EUR,48041725,48041725,2017-02-20 17:38:10.444954,2017-02-20 17:38:10.444954,bio9spa,,
237,49.01,Bunge Gida Sanayi ve Ticaret A.S.,Consolidate,O,100.0,USD,Various,4901_Tax,2017-02-20 17:38:10.788989,2017-02-20 17:38:10.788989,bungegidasanayiveticaretas,,
238,50.04,Bunge ZRT,Consolidate,O,100.0,HUF,Various,"5004_Tax /
5004_Tax_L C",2017-02-20 17:38:11.116022,2017-02-20 17:38:11.116022,bungezrt,,
239,50.3,Natura Margarin Kft.,Consolidate,O,100.0,HUF,50303200,50303200,2017-02-20 17:38:11.459056,2017-02-20 17:38:11.459056,naturamargarinkft,,
240,51.01,"Bunge Iberica Portugal, S.A.",Consolidate,O,99.999,EUR,51011310,"5101_Tax /
5101_Tax_L C",2017-02-20 17:38:11.790089,2017-02-20 17:38:11.790089,bungeibericaportugalsa,,
241,51.03,Biocolza -Oleos E Farinhas S.A.,Equity,O,40.0,EUR,42072300,"4200_Tax /
4200_Tax_L C",2017-02-20 17:38:12.10312,2017-02-20 17:38:12.10312,biocolzaoleosefarinhassa,,
242,52.01,Bunge Europe S.A.,Consolidate,H,80.0,EUR,52012300,52012300,2017-02-20 17:38:12.431153,2017-02-20 17:38:12.431153,bungeeuropesa,,
461,,2228,,,,,,,2017-02-20 17:39:15.631472,2017-02-20 17:39:15.631472,2228,,
462,,2400,,,,,,,2017-02-20 17:39:15.955505,2017-02-20 17:39:15.955505,2400,,
243,52.02,Climate Change Capital Carbon Fund II S.à.r.l,Consolidate,O,100.0,EUR,4081801,4081801,2017-02-20 17:38:12.770187,2017-02-20 17:38:12.770187,climatechangecapitalcarbonfundiisrl,,
244,53.02,Bunge Austria G.m.b.H.,Consolidate,O,99.96,EUR,Various,"5302_Tax /
5302_Tax_L C",2017-02-20 17:38:13.093219,2017-02-20 17:38:13.093219,bungeaustriagmbh,,
245,53.03,Novaol Austria G.m.b.H.,Consolidate,O,100.0,EUR,53032601,53032601,2017-02-20 17:38:13.418252,2017-02-20 17:38:13.418252,novaolaustriagmbh,,
246,54.01,Z.T. Kruszwica S.A.,Consolidate,O,64.22,PLN,Various,"5401_Tax /
5401_Tax_L C",2017-02-20 17:38:13.743284,2017-02-20 17:38:13.743284,ztkruszwicasa,,
247,54.06,Warsaw Mathematical Institute Sp. Z.o.o,Cost,O,100.0,PLN,4501,"4501_Tax /
4501_Tax_L C",2017-02-20 17:38:14.086319,2017-02-20 17:38:14.086319,warsawmathematicalinstitutespzoo,,
248,54.07,Walter Rau Polska Sp.z.o.o.,Consolidate,O,100.0,EUR,54063100,54063100,2017-02-20 17:38:14.422352,2017-02-20 17:38:14.422352,walterraupolskaspzoo,,
249,54.08,Bunge Polska Sp z.o.o,Consolidate,O,100.0,PLN,54303201,54303201,2017-02-20 17:38:14.752385,2017-02-20 17:38:14.752385,bungepolskaspzoo,,
250,54.11,Mauresa Sp z o.o.,Consolidate,O,100.0,PLN,54103201,5410_Tax_L C,2017-02-20 17:38:15.075417,2017-02-20 17:38:15.075417,mauresaspzoo,,
251,54.12,ZTK Property Management Sp z.o.o.,Consolidate,O,100.0,PLN,54123200,54123200,2017-02-20 17:38:15.409451,2017-02-20 17:38:15.409451,ztkpropertymanagementspzoo,,
252,55.01,LLC Bunge CIS,Consolidate,O,99.81,RUB,43022810,"5501_Tax /
5501_Tax_L C",2017-02-20 17:38:15.760486,2017-02-20 17:38:15.760486,llcbungecis,,
253,55.14,Rostov Grain Terminal LLC,Consolidate,O,100.0,RUB,55142910,55142910,2017-02-20 17:38:16.106521,2017-02-20 17:38:16.106521,rostovgrainterminalllc,,
254,56.02,PJSC DOEP,Consolidate,O,94.31,USD,Various,5602_Tax,2017-02-20 17:38:16.436554,2017-02-20 17:38:16.436554,pjscdoep,,
255,56.03,Suntrade S.E.,Consolidate,O,100.0,USD,Various,5603_Tax,2017-02-20 17:38:16.765586,2017-02-20 17:38:16.765586,suntradese,,
256,56.08,Yasli Kindergarden,Cost,O,100.0,USD,N/A,N/A,2017-02-20 17:38:17.092619,2017-02-20 17:38:17.092619,yaslikindergarden,,
257,56.09,LLC ElevatorTrade,Consolidate,O,99.0,USD,56011125,56011125,2017-02-20 17:38:17.420652,2017-02-20 17:38:17.420652,llcelevatortrade,,
258,56.1,Himtrans-Ukraine,Consolidate,O,100.0,USD,56142704,56142704,2017-02-20 17:38:17.772687,2017-02-20 17:38:17.772687,himtransukraine,,
259,56.11,Greentour-Ex LLC,Consolidate,O,100.0,USD,Various,5611_Tax,2017-02-20 17:38:18.134723,2017-02-20 17:38:18.134723,greentourexllc,,
260,56.13,LLC Railway Company “Greentrans”,Consolidate,O,90.0,UAH,56132701,56132701,2017-02-20 17:38:18.459756,2017-02-20 17:38:18.459756,llcrailwaycompanygreentrans,,
261,56.15,LLC Unitrans,Consolidate,O,99.0,UAH,56151240,56151240,2017-02-20 17:38:18.788789,2017-02-20 17:38:18.788789,llcunitrans,,
262,56.16,LLC European Transport Stevedoring Company,Consolidate,O,99.0,UAH,Various,"5616_Tax /
5616_Tax_L C_Tax_LC",2017-02-20 17:38:19.125822,2017-02-20 17:38:19.125822,llceuropeantransportstevedoringcompany,,
263,57.01,Kaliakra A.D.,Consolidate,O,99.96,BGL,Various,"5701_Tax /
5701_Tax_L C_Tax_LC",2017-02-20 17:38:19.483858,2017-02-20 17:38:19.483858,kaliakraad,,
264,58.05,Bunge Romania SRL,Consolidate,O,100.0,LEU,Various,5800_JV_Ta x / 5800_JV_Ta x_LC,2017-02-20 17:38:19.817892,2017-02-20 17:38:19.817892,bungeromaniasrl,,
265,58.06,Bunge Danube Trading SRL,Consolidate,O,99.99,LEU,Various,"5800_Tax /
5800_Tax_L C",2017-02-20 17:38:20.149925,2017-02-20 17:38:20.149925,bungedanubetradingsrl,,
266,58.07,Prio Extractie SRL,Consolidate,O,99.0,LEU,58061242,5800_JV_Ta x / 5800_JV_Ta x / 5800_JV_Ta x_LC,2017-02-20 17:38:20.50596,2017-02-20 17:38:20.50596,prioextractiesrl,,
267,58.08,Prio Biocombustibil SRL,Consolidate,O,99.9996,LEU,58061725,5800_JV_Ta x / 5800_JV_Ta x / 5800_JV_Ta x_LC,2017-02-20 17:38:20.897,2017-02-20 17:38:20.897,priobiocombustibilsrl,,
268,59.01,Bunge Cyprus Limited,Consolidate,H,99.985,USD,Various,5901_Tax,2017-02-20 17:38:21.228033,2017-02-20 17:38:21.228033,bungecypruslimited,,
269,46.07,Dan Store Lsez Sia,Equity,O,35.0,USD,46072300,46072300,2017-02-20 17:38:21.562066,2017-02-20 17:38:21.562066,danstorelsezsia,,
270,61.01,Bunge Finland OY,Consolidate,O,100.0,EUR,61013200,6101_Tax,2017-02-20 17:38:21.891099,2017-02-20 17:38:21.891099,bungefinlandoy,,
271,62.01,Augustea Bunge Maritime Ltd,Equity,O,49.15,USD,6011801,0600_Tax,2017-02-20 17:38:22.216131,2017-02-20 17:38:22.216131,augusteabungemaritimeltd,,
272,62.02,ABY Group Holding Ltd,Equity,H,20.0,USD,6011801,0600_Tax,2017-02-20 17:38:22.552165,2017-02-20 17:38:22.552165,abygroupholdingltd,,
273,62.03,ABM One Ltd,Equity,O,100.0,USD,6011801,0600_Tax,2017-02-20 17:38:22.9032,2017-02-20 17:38:22.9032,abmoneltd,,
274,62.04,ABM Two Ltd,Equity,O,62.5,USD,6011801,0600_Tax,2017-02-20 17:38:23.262236,2017-02-20 17:38:23.262236,abmtwoltd,,
275,62.05,ABY Three Ltd,Equity,O,100.0,USD,6011801,0600_Tax,2017-02-20 17:38:23.60527,2017-02-20 17:38:23.60527,abythreeltd,,
276,62.06,ABY Four Ltd,Equity,O,100.0,USD,6011801,0600_Tax,2017-02-20 17:38:23.932303,2017-02-20 17:38:23.932303,abyfourltd,,
277,62.07,ABY Five Ltd,Equity,O,100.0,USD,6011801,0600_Tax,2017-02-20 17:38:24.280338,2017-02-20 17:38:24.280338,abyfiveltd,,
278,62.08,Heron Ventures Ltd.,Equity,O,50.0,USD,6011801,0600_Tax,2017-02-20 17:38:24.610371,2017-02-20 17:38:24.610371,heronventuresltd,,
279,62.09,ABY Seven Ltd.,Equity,O,100.0,USD,6011801,0600_Tax,2017-02-20 17:38:24.947405,2017-02-20 17:38:24.947405,abysevenltd,,
280,62.1,ABY Eight Ltd.,Equity,O,100.0,USD,6011801,0600_Tax,2017-02-20 17:38:25.317442,2017-02-20 17:38:25.317442,abyeightltd,,
281,62.11,ABY Nine Ltd.,Equity,O,100.0,USD,6011801,0600_Tax,2017-02-20 17:38:25.664476,2017-02-20 17:38:25.664476,abynineltd,,
282,62.12,ABY Ten Ltd.,Equity,O,100.0,USD,6011801,0600_Tax,2017-02-20 17:38:26.021512,2017-02-20 17:38:26.021512,abytenltd,,
283,62.13,ABY Eleven Ltd.,Equity,O,100.0,USD,6011801,0600_Tax,2017-02-20 17:38:26.355545,2017-02-20 17:38:26.355545,abyelevenltd,,
284,62.14,ABY Twelve Ltd.,Equity,O,100.0,USD,6011801,0600_Tax,2017-02-20 17:38:26.682578,2017-02-20 17:38:26.682578,abytwelveltd,,
285,62.15,Augustea Bunge Oceanbulk York Holding Ltd.,Equity,O,90.0,USD,6011801,0600_Tax,2017-02-20 17:38:27.031613,2017-02-20 17:38:27.031613,augusteabungeoceanbulkyorkholdingltd,,
286,62.16,ABY Fourteen Ltd.,Equity,O,100.0,USD,6011801,0600_Tax,2017-02-20 17:38:27.358646,2017-02-20 17:38:27.358646,abyfourteenltd,,
287,62.17,ABY Fifteen Ltd.,Equity,O,100.0,USD,6011801,0600_Tax,2017-02-20 17:38:27.681678,2017-02-20 17:38:27.681678,abyfifteenltd,,
288,62.18,ABY Sixteen Ltd.,Equity,O,100.0,USD,6011801,0600_Tax,2017-02-20 17:38:28.033713,2017-02-20 17:38:28.033713,abysixteenltd,,
289,62.19,ABY Eighteen Ltd.,Equity,O,100.0,USD,6011801,0600_Tax,2017-02-20 17:38:28.365746,2017-02-20 17:38:28.365746,abyeighteenltd,,
290,62.2,ABY Nineteen Ltd.,Equity,O,100.0,USD,6011801,0600_Tax,2017-02-20 17:38:28.69878,2017-02-20 17:38:28.69878,abynineteenltd,,
291,63.01,Bunge Vostok LLP,Consolidate,O,100.0,KZT,63012100,63012100,2017-02-20 17:38:29.027813,2017-02-20 17:38:29.027813,bungevostokllp,,
292,70.01,Bunge Egypt Agriculture SAE,Consolidate,O,98.0,USD,Various,7001_Tax,2017-02-20 17:38:29.352845,2017-02-20 17:38:29.352845,bungeegyptagriculturesae,,
293,70.02,Bunge Egypt Import & Export SAE,Consolidate,O,98.0,USD,Various,7001_Tax,2017-02-20 17:38:29.683878,2017-02-20 17:38:29.683878,bungeegyptimportexportsae,,
294,72.01,Bunge ZA (Pty) Ltd.,Consolidate,O,100.0,ZAR,Various,"7201_Tax /
7201_Tax_L C",2017-02-20 17:38:30.010911,2017-02-20 17:38:30.010911,bungezaptyltd,,
295,72.02,Senwes Ltd.,Consolidate,O,100.0,MWK,72011311,72011311,2017-02-20 17:38:30.337944,2017-02-20 17:38:30.337944,senwesltd,,
296,72.05,Bunge South Africa (Pty) Ltd,Consolidate,O,100.0,ZAR,72021310,72021310,2017-02-20 17:38:30.673977,2017-02-20 17:38:30.673977,bungesouthafricaptyltd,,
298,74.01,Universal Mercantile and Trading DMCC,Consolidate,O,100.0,USD,32111803,32111803,2017-02-20 17:38:31.374047,2017-02-20 17:38:31.374047,universalmercantileandtradingdmcc,,
299,1.0,Mutual Investment Limited,N/A,N/A,N/A,USD,Sector_3.00 01_BI,N/A,2017-02-20 17:38:31.69908,2017-02-20 17:38:31.69908,mutualinvestmentlimited,,
300,1.04,Mutual Foods Ltd.,Consolidate,,100.0,USD,104,N/A,2017-02-20 17:38:32.034113,2017-02-20 17:38:32.034113,mutualfoodsltd,,
301,44.06,Frisim S.A.,Consolidate,O,100.0,EUR,4406,N/A,2017-02-20 17:38:32.372147,2017-02-20 17:38:32.372147,frisimsa,,
302,6.06,TIJUCO Agropecuária e Empreendimentos Ltda.,Dormant,N/A,99.9,N/A,N/A,N/A,2017-02-20 17:38:36.314541,2017-02-20 17:38:36.314541,tijucoagropecuriaeempreendimentosltda,,
303,6.07,GAIA Empreendimentos e Participações S.A.,Dormant,N/A,99.9,N/A,N/A,N/A,2017-02-20 17:38:36.639574,2017-02-20 17:38:36.639574,gaiaempreendimentoseparticipaessa,,
304,5.01,"Bunge Caribe, SRL",Dormant,O,99.9,USD,N/A,N/A,2017-02-20 17:38:36.969607,2017-02-20 17:38:36.969607,bungecaribesrl,,
305,11.12,"International Produce, Inc.",Dormant,O,100.0,USD,N/A,N/A,2017-02-20 17:38:37.289639,2017-02-20 17:38:37.289639,internationalproduceinc,,
306,1.15,Bleecker Acquisition Corp.,Dormant,H,100.0,USD,N/A,N/A,2017-02-20 17:38:37.617671,2017-02-20 17:38:37.617671,bleeckeracquisitioncorp,,
307,25.01,"Almacen Terminal Santana, C.A.",Dormant,O,49.0,BOL,4501,"4501_Tax /
4501_Tax_L C",2017-02-20 17:38:37.944704,2017-02-20 17:38:37.944704,almacenterminalsantanaca,,
308,58.02,SC Unirea S.R.L.,Dormant,O,99.99,LEU,Various,"5800_Tax /
5800_Tax_L C",2017-02-20 17:38:38.273737,2017-02-20 17:38:38.273737,scunireasrl,,
309,58.03,SC Muntenia S.A.,Dormant,O,97.24,LEU,Various,"5800_Tax /
5800_Tax_L C",2017-02-20 17:38:38.60477,2017-02-20 17:38:38.60477,scmunteniasa,,
310,58.04,SC Interoil S.A.,Dormant,O,99.37,LEU,Various,"5800_Tax /
5800_Tax_L C",2017-02-20 17:38:38.929803,2017-02-20 17:38:38.929803,scinteroilsa,,
311,47.12,Bunge Biodiesel Produktionsgesellschaft mbH,Dormant,O,100.0,EUR,43022615,43022615,2017-02-20 17:38:39.271837,2017-02-20 17:38:39.271837,bungebiodieselproduktionsgesellschaftmbh,,
312,73.02,Senwes Grainlink East Africa Ltd.,Dormant,O,100.0,USD,Various,"7201_Tax /
7201_Tax_L C",2017-02-20 17:38:39.59987,2017-02-20 17:38:39.59987,senwesgrainlinkeastafricaltd,,
313,41.53,GenPower Carbon Solutions Services (Malaysia) Sdn Bhd,Consolidate,O,100.0,MYR,41021801,CCC_Tax,2017-02-20 17:38:39.937903,2017-02-20 17:38:39.937903,genpowercarbonsolutionsservicesmalaysiasdnbhd,,
314,41.54,PT.GP Carbon Solutions Service Indonesia,Consolidate,O,99.0,IDR,41021801,CCC_Tax,2017-02-20 17:38:40.277937,2017-02-20 17:38:40.277937,ptgpcarbonsolutionsserviceindonesia,,
315,41.49,Climate Change Capital (Hong Kong) Limited,Consolidate,O,100.0,HKD,41021801,CCC_Tax,2017-02-20 17:38:40.596969,2017-02-20 17:38:40.596969,climatechangecapitalhongkonglimited,,
316,11.21,Bunge Master Trust,Consolidate,F,100.0,USD,1121,1121,2017-02-20 17:38:40.928002,2017-02-20 17:38:40.928002,bungemastertrust,,
317,71.02,Bunge Fertilizer Morocco,Consolidate,O,100.0,USD,7102,7102,2017-02-20 17:38:41.259036,2017-02-20 17:38:41.259036,bungefertilizermorocco,,
318,35.03,Bunge Foods Private Limited,Consolidate,O,99.99,INR,3503,"3502_Tax /
3502_Tax_L C",2017-02-20 17:38:41.592069,2017-02-20 17:38:41.592069,bungefoodsprivatelimited,,
319,44.0,N.V.Bunge,Consolidate,O,100.0,EUR,4107,N/A,2017-02-20 17:38:41.923102,2017-02-20 17:38:41.923102,nvbunge,,
320,55.12,LLC Kholmsky KHP,Consolidate,O,99.81,RUB,55122900,55122900,2017-02-20 17:38:42.249135,2017-02-20 17:38:42.249135,llckholmskykhp,,
322,2.01,Bunge Export Sales (Barbados) Corporation,Consolidate,O,100.0,USD,N/A,N/A,2017-02-20 17:38:42.590169,2017-02-20 17:38:42.590169,bungeexportsalesbarbadoscorporation,,
323,22.96,Etti Holdings Ltda.,Consolidate,H,100.0,BRL,N/A,N/A,2017-02-20 17:38:42.918201,2017-02-20 17:38:42.918201,ettiholdingsltda,,
324,45.16,Bunge Canada Cooperatief U.A.,Consolidate,H,100.0,USD,4516,4516,2017-02-20 17:38:43.251235,2017-02-20 17:38:43.251235,bungecanadacooperatiefua,,
325,28.02,Soluciones Internacionales SAS,Consolidate,O,100.0,USD,28011370,28011370,2017-02-20 17:38:43.595269,2017-02-20 17:38:43.595269,solucionesinternacionalessas,,
326,54.09,ZPT Elmilk Sp z o o,Consolidate,O,100.0,PLN,54303202,54303202,2017-02-20 17:38:43.917301,2017-02-20 17:38:43.917301,zptelmilkspzoo,,
327,22.47,Usina Corurema Ltda.,Consolidate,O,50.0,BRL,N/A,N/A,2017-02-20 17:38:44.244334,2017-02-20 17:38:44.244334,usinacoruremaltda,,
328,22.97,Pico Da Caledonia Empreendimentos e Participações S.A,Cost,O,1.0,BRL,N/A,N/A,2017-02-20 17:38:44.585368,2017-02-20 17:38:44.585368,picodacaledoniaempreendimentoseparticipaessa,,
329,22.91,Serra Do Lopo Empreendimentos e Participações S/A,Consolidate,O,99.0,BRL,N/A,N/A,2017-02-20 17:38:44.916401,2017-02-20 17:38:44.916401,serradolopoempreendimentoseparticipaessa,,
330,22.98,Rio Turia Servicos Logisticos Ltda.,Consolidate,O,100.0,BRL,N/A,N/A,2017-02-20 17:38:45.260436,2017-02-20 17:38:45.260436,rioturiaservicoslogisticosltda,,
331,57.03,Cereol Bulgaria Food,Dormant,O,100.0,BGN,N/A,N/A,2017-02-20 17:38:45.60547,2017-02-20 17:38:45.60547,cereolbulgariafood,,
332,22.88,Moinho Vera Cruz S/A,Consolidate,O,100.0,BRL,22003102,"2260_Tax /
2260_Tax /
2260_Tax_L C",2017-02-20 17:38:45.941504,2017-02-20 17:38:45.941504,moinhoveracruzsa,,
333,N/A,Ceval Export Securitization Ltd.,N/A,N/A,N/A,BRL,N/A,N/A,2017-02-20 17:38:46.266536,2017-02-20 17:38:46.266536,cevalexportsecuritizationltd,,
334,41.64,Climate Change Capital Wind Energy Onshore Hold Co Limited,Consolidate,O,100.0,GBP,41021801,CCC_Tax,2017-02-20 17:38:46.597569,2017-02-20 17:38:46.597569,climatechangecapitalwindenergyonshoreholdcolimited,,
335,41.65,Climate Change Capital Wind Energy Offshore Hold Co Limited,Consolidate,O,100.0,GBP,41021801,CCC_Tax,2017-02-20 17:38:46.923602,2017-02-20 17:38:46.923602,climatechangecapitalwindenergyoffshoreholdcolimited,,
336,12.05,Neptune Bulk Terminals (Canada) Ltd.,Cost,O,3.48,CAD,N/A,N/A,2017-02-20 17:38:47.246634,2017-02-20 17:38:47.246634,neptunebulkterminalscanadaltd,,
337,41.44,Climate Change Capital Inc.,Consolidate,O,100.0,GBP,41021801,CCC_Tax,2017-02-20 17:38:47.584668,2017-02-20 17:38:47.584668,climatechangecapitalinc,,
338,51.04,Taggia LIII,Consolidate,F,100.0,BRL,22411600,"2241_Tax /
2241_Tax /
2241_Tax_L C",2017-02-20 17:38:47.909701,2017-02-20 17:38:47.909701,taggialiii,,
339,27.02,"BG Commodities Group, S.A.",Consolidate,O,99.9,GTQ,27011320,27011320,2017-02-20 17:38:48.243734,2017-02-20 17:38:48.243734,bgcommoditiesgroupsa,,
340,12.13,Bunge General Partner Inc.,Dormant,H,100.0,CAD,12003901,"1204_Tax /
1204_Tax /
1204_Tax_L C",2017-02-20 17:38:48.560766,2017-02-20 17:38:48.560766,bungegeneralpartnerinc,,
341,12.11,Bunge Ventures Canada GP Inc.,Consolidate,H,100.0,CAD,12003901,"1204_Tax /
1204_Tax_L C",2017-02-20 17:38:48.885798,2017-02-20 17:38:48.885798,bungeventurescanadagpinc,,
342,12.12,Bunge Ventures Canada L.P.,Consolidate,O,99.99999,CAD,12003901,"1204_Tax /
1204_Tax_L C",2017-02-20 17:38:49.20783,2017-02-20 17:38:49.20783,bungeventurescanadalp,,
343,11.84,"Whole Harvest Foods-West, LLC",Consolidate,O,100.0,USD,11002410,1100_Tax,2017-02-20 17:38:49.532863,2017-02-20 17:38:49.532863,wholeharvestfoodswestllc,,
344,43.12,Societe Diester Industrie International,Equity,H,40.0,EUR,43022600,43022600,2017-02-20 17:38:49.857895,2017-02-20 17:38:49.857895,societediesterindustrieinternational,,
345,54.1,Mauresa Consulting Sp zoo,Consolidate,O,100.0,PLN,54133200,5410_Tax_L C,2017-02-20 17:38:50.20693,2017-02-20 17:38:50.20693,mauresaconsultingspzoo,,
346,41.63,Climate Change Capital Wind Energy Limited,Consolidate,O,100.0,GBP,41021801,CCC_Tax,2017-02-20 17:38:50.534963,2017-02-20 17:38:50.534963,climatechangecapitalwindenergylimited,,
463,,1500,,,,,,,2017-02-20 17:39:16.283538,2017-02-20 17:39:16.283538,1500,,
464,,2700,,,,,,,2017-02-20 17:39:16.638573,2017-02-20 17:39:16.638573,2700,,
347,41.5,Climate Change Capital (Tianjin) Management Limited,Consolidate,O,100.0,CNY,41021801,CCC_Tax,2017-02-20 17:38:50.862996,2017-02-20 17:38:50.862996,climatechangecapitaltianjinmanagementlimited,,
348,72.03,Senwes Grainlink Zambia Ltd.,Consolidate,O,100.0,ZMK,72011312,72011312,2017-02-20 17:38:51.197029,2017-02-20 17:38:51.197029,senwesgrainlinkzambialtd,,
349,22.5,Usina Bom Jardim Açúcar e Álcool Ltda.,Consolidate,O,100.0,BRL,22401600,2240_Tax_L C,2017-02-20 17:38:51.521062,2017-02-20 17:38:51.521062,usinabomjardimacarelcoolltda,,
350,11.81,"Nidus Investment Partners, L.P.",Equity,O,33.0,USD,1177,1177,2017-02-20 17:38:51.854095,2017-02-20 17:38:51.854095,nidusinvestmentpartnerslp,,
351,45.02,Bunge Finance B.V.,Consolidate,F,100.0,EUR,4502,4502,2017-02-20 17:38:52.184128,2017-02-20 17:38:52.184128,bungefinancebv,,
352,4.09,Bunge Investment Management (Cayman) Limited,Consolidate,O,100.0,USD,4091801,4091801,2017-02-20 17:38:52.520162,2017-02-20 17:38:52.520162,bungeinvestmentmanagementcaymanlimited,,
353,45.17,Green Cane Holding B.V.,Consolidate,F,100.0,BRL,22411600,"2241_Tax /
2241_Tax /
2241_Tax_L C",2017-02-20 17:38:52.856195,2017-02-20 17:38:52.856195,greencaneholdingbv,,
355,45.18,Green Cane B.V.,Consolidate,F,100.0,BRL,22411600,"2241_Tax /
2241_Tax_L C",2017-02-20 17:38:53.182228,2017-02-20 17:38:53.182228,greencanebv,,
356,23.15,Bunge Fertilizantes Uruguay S.A,Consolidate,O,100.0,USD,23128131,"2312_BRZ_
Tax",2017-02-20 17:38:53.518261,2017-02-20 17:38:53.518261,bungefertilizantesuruguaysa,,
357,13.07,"Harinera La Espiga, S.A de C.V.",Consolidate,O,31.5,MXN,13003102,1300_Tax_L C,2017-02-20 17:38:53.849294,2017-02-20 17:38:53.849294,harineralaespigasadecv,,
358,54.03,Bunge Trade Polska Sp z.o.o.,Consolidate,O,100.0,PLN,Various,"5403_Tax /
5403_Tax_L C_Tax_LC",2017-02-20 17:38:54.170327,2017-02-20 17:38:54.170327,bungetradepolskaspzoo,,
359,72.06,Southern Africa Regional Carbon Facility Limited,Consolidate,O,100.0,EUR,46101801,46101801,2017-02-20 17:38:54.494359,2017-02-20 17:38:54.494359,southernafricaregionalcarbonfacilitylimited,,
360,72.04,Senwes Grainlink de Mozambique Ltd,Consolidate,O,100.0,MZN,72011313,72011313,2017-02-20 17:38:54.816391,2017-02-20 17:38:54.816391,senwesgrainlinkdemozambiqueltd,,
361,,COMPANY,,,,,,,2017-02-20 17:38:55.135423,2017-02-20 17:38:55.135423,company,,
399,,Amorphic,,,,,,,2017-02-20 17:38:55.466456,2017-02-20 17:38:55.466456,amorphic,,
400,,Baria Serece Vietnam ,,,,,,,2017-02-20 17:38:55.787488,2017-02-20 17:38:55.787488,bariaserecevietnam,,
401,,Bunge,,,,,,,2017-02-20 17:38:56.124522,2017-02-20 17:38:56.124522,bunge,,
402,,"Bunge (Tianjin) Management Services Co., Ltd. ",,,,,,,2017-02-20 17:38:56.443554,2017-02-20 17:38:56.443554,bungetianjinmanagementservicescoltd,,
403,,Bunge Agribusiness India ,,,,,,,2017-02-20 17:38:56.766586,2017-02-20 17:38:56.766586,bungeagribusinessindia,,
404,,Bunge Agribusiness Singapore ,,,,,,,2017-02-20 17:38:57.096619,2017-02-20 17:38:57.096619,bungeagribusinesssingapore,,
405,,Bunge Asia,,,,,,,2017-02-20 17:38:57.454655,2017-02-20 17:38:57.454655,bungeasia,,
406,,Bunge CIS,,,,,,,2017-02-20 17:38:57.784688,2017-02-20 17:38:57.784688,bungecis,,
407,,Bunge Danube Trading,,,,,,,2017-02-20 17:38:58.10372,2017-02-20 17:38:58.10372,bungedanubetrading,,
408,,Bunge East Africa Limited ,,,,,,,2017-02-20 17:38:58.426752,2017-02-20 17:38:58.426752,bungeeastafricalimited,,
409,,Bunge Gida San Tic  A.S. ,,,,,,,2017-02-20 17:38:58.748784,2017-02-20 17:38:58.748784,bungegidasanticas,,
410,,Bunge Global Markets,,,,,,,2017-02-20 17:38:59.070817,2017-02-20 17:38:59.070817,bungeglobalmarkets,,
411,,Bunge Handelsgesellschaft GmbH,,,,,,,2017-02-20 17:38:59.40085,2017-02-20 17:38:59.40085,bungehandelsgesellschaftgmbh,,
412,,Bunge IbÃ©rica S.A.,,,,,,,2017-02-20 17:38:59.724882,2017-02-20 17:38:59.724882,bungeibricasa,,
413,,Bunge London Limited,,,,,,,2017-02-20 17:39:00.045914,2017-02-20 17:39:00.045914,bungelondonlimited,,
414,,Bunge Management Services,,,,,,,2017-02-20 17:39:00.369946,2017-02-20 17:39:00.369946,bungemanagementservices,,
415,,Bunge North America (East),,,,,,,2017-02-20 17:39:00.691979,2017-02-20 17:39:00.691979,bungenorthamericaeast,,
416,,Bunge North America (OPD West),,,,,,,2017-02-20 17:39:01.018011,2017-02-20 17:39:01.018011,bungenorthamericaopdwest,,
417,,"Bunge Sanwei Oil and Fat Co., Ltd. ",,,,,,,2017-02-20 17:39:01.345044,2017-02-20 17:39:01.345044,bungesanweioilandfatcoltd,,
418,,Bunge SCF Grain,,,,,,,2017-02-20 17:39:01.670076,2017-02-20 17:39:01.670076,bungescfgrain,,
419,,Bunge Senwes,,,,,,,2017-02-20 17:39:01.992109,2017-02-20 17:39:01.992109,bungesenwes,,
420,,Bunge Senwes Africa Pty Ltd. ,,,,,,,2017-02-20 17:39:02.320141,2017-02-20 17:39:02.320141,bungesenwesafricaptyltd,,
421,,Bunge South Africa Ltd. ,,,,,,,2017-02-20 17:39:02.643174,2017-02-20 17:39:02.643174,bungesouthafricaltd,,
422,,Bunge Subic Bay Trading Inc. ,,,,,,,2017-02-20 17:39:02.998209,2017-02-20 17:39:02.998209,bungesubicbaytradinginc,,
423,,Bunge Turkey,,,,,,,2017-02-20 17:39:03.323242,2017-02-20 17:39:03.323242,bungeturkey,,
424,,Bunge UK,,,,,,,2017-02-20 17:39:03.716281,2017-02-20 17:39:03.716281,bungeuk,,
425,,Bunge Vostok LTD ,,,,,,,2017-02-20 17:39:04.056315,2017-02-20 17:39:04.056315,bungevostokltd,,
426,,Climate Change Capital Group ,,,,,,,2017-02-20 17:39:04.441354,2017-02-20 17:39:04.441354,climatechangecapitalgroup,,
427,,Climate Change Holdings Ltd.,,,,,,,2017-02-20 17:39:04.772387,2017-02-20 17:39:04.772387,climatechangeholdingsltd,,
428,,Consultant,,,,,,,2017-02-20 17:39:05.10642,2017-02-20 17:39:05.10642,consultant,,
429,,DOEP,,,,,,,2017-02-20 17:39:05.429452,2017-02-20 17:39:05.429452,doep,,
430,,DOEP PJSC ,,,,,,,2017-02-20 17:39:05.778487,2017-02-20 17:39:05.778487,doeppjsc,,
431,,Elevatortrade LLC ,,,,,,,2017-02-20 17:39:06.10952,2017-02-20 17:39:06.10952,elevatortradellc,,
432,,ETSC LLC ,,,,,,,2017-02-20 17:39:06.447554,2017-02-20 17:39:06.447554,etscllc,,
433,,Grains & Industrial Products Trading Pte Ltd. (Singapore) ,,,,,,,2017-02-20 17:39:06.792589,2017-02-20 17:39:06.792589,grainsindustrialproductstradingpteltdsingapore,,
434,,Greentour-Ex,,,,,,,2017-02-20 17:39:07.127622,2017-02-20 17:39:07.127622,greentourex,,
435,,Greentrans RC LLC ,,,,,,,2017-02-20 17:39:07.448654,2017-02-20 17:39:07.448654,greentransrcllc,,
436,,Harinera La Espiga,,,,,,,2017-02-20 17:39:07.778687,2017-02-20 17:39:07.778687,harineralaespiga,,
437,,Khimtrans FE ,,,,,,,2017-02-20 17:39:08.10872,2017-02-20 17:39:08.10872,khimtransfe,,
438,,Mannheim Bio Fuel GmbH,,,,,,,2017-02-20 17:39:08.444754,2017-02-20 17:39:08.444754,mannheimbiofuelgmbh,,
439,,Molinos Bunge,,,,,,,2017-02-20 17:39:08.768786,2017-02-20 17:39:08.768786,molinosbunge,,
440,,MQSET,,,,,,,2017-02-20 17:39:09.088818,2017-02-20 17:39:09.088818,mqset,,
441,,Novaol Italy ,,,,,,,2017-02-20 17:39:09.421852,2017-02-20 17:39:09.421852,novaolitaly,,
442,,Servicios Altex,,,,,,,2017-02-20 17:39:09.739883,2017-02-20 17:39:09.739883,serviciosaltex,,
443,,Servicios Bunge,,,,,,,2017-02-20 17:39:10.079917,2017-02-20 17:39:10.079917,serviciosbunge,,
444,,Servicios Molinos Bunge ,,,,,,,2017-02-20 17:39:10.424952,2017-02-20 17:39:10.424952,serviciosmolinosbunge,,
445,,"Taixing Zhenhua Oils and Fats Co., Ltd. ",,,,,,,2017-02-20 17:39:10.737983,2017-02-20 17:39:10.737983,taixingzhenhuaoilsandfatscoltd,,
446,,Unirea ,,,,,,,2017-02-20 17:39:11.064016,2017-02-20 17:39:11.064016,unirea,,
447,,Unitrans LLC ,,,,,,,2017-02-20 17:39:11.390048,2017-02-20 17:39:11.390048,unitransllc,,
448,,Walter Rau Neusser Öl und Fett AG ,,,,,,,2017-02-20 17:39:11.718081,2017-02-20 17:39:11.718081,walterrauneusserlundfettag,,
450,,1000,,,,,,,2017-02-20 17:39:12.043114,2017-02-20 17:39:12.043114,1000,,
451,,2221,,,,,,,2017-02-20 17:39:12.375147,2017-02-20 17:39:12.375147,2221,,
452,,2203,,,,,,,2017-02-20 17:39:12.698179,2017-02-20 17:39:12.698179,2203,,
453,,2233,,,,,,,2017-02-20 17:39:13.020211,2017-02-20 17:39:13.020211,2233,,
454,,2217,,,,,,,2017-02-20 17:39:13.344244,2017-02-20 17:39:13.344244,2217,,
455,,2851,,,,,,,2017-02-20 17:39:13.677277,2017-02-20 17:39:13.677277,2851,,
456,,2001,,,,,,,2017-02-20 17:39:14.00831,2017-02-20 17:39:14.00831,2001,,
457,,2229,,,,,,,2017-02-20 17:39:14.327342,2017-02-20 17:39:14.327342,2229,,
458,,1200,,,,,,,2017-02-20 17:39:14.648374,2017-02-20 17:39:14.648374,1200,,
465,,2852,,,,,,,2017-02-20 17:39:16.970606,2017-02-20 17:39:16.970606,2852,,
466,,2236,,,,,,,2017-02-20 17:39:17.313641,2017-02-20 17:39:17.313641,2236,,
467,,2227,,,,,,,2017-02-20 17:39:17.636673,2017-02-20 17:39:17.636673,2227,,
468,,1600,,,,,,,2017-02-20 17:39:17.966706,2017-02-20 17:39:17.966706,1600,,
469,,2850,,,,,,,2017-02-20 17:39:18.289738,2017-02-20 17:39:18.289738,2850,,
470,,2214,,,,,,,2017-02-20 17:39:18.633773,2017-02-20 17:39:18.633773,2214,,
471,,9992,,,,,,,2017-02-20 17:39:18.953805,2017-02-20 17:39:18.953805,9992,,
472,,2150,,,,,,,2017-02-20 17:39:19.285838,2017-02-20 17:39:19.285838,2150,,
473,,Bunge Asia Pte Ltd ,,,,,,,2017-02-20 17:39:19.613871,2017-02-20 17:39:19.613871,bungeasiapteltd,,
474,,Bunge International Commerce Ltd. - Sucursal Uruguay ,,,,,,,2017-02-20 17:39:19.958905,2017-02-20 17:39:19.958905,bungeinternationalcommerceltdsucursaluruguay,,
475,,Bunge Latin America,,,,,,,2017-02-20 17:39:20.289938,2017-02-20 17:39:20.289938,bungelatinamerica,,
476,,Bunge Netherlands B.V ,,,,,,,2017-02-20 17:39:20.60897,2017-02-20 17:39:20.60897,bungenetherlandsbv,,
477,,6509,,,,,,,2017-02-20 17:39:20.936003,2017-02-20 17:39:20.936003,6509,,
